"Datum","CDUCSU","SPD","Gruene","FDP","LINKE","AfD","FW","BSW","Institut"
2020-01-09,27,13,23,9,8,14,NA,NA,"Infratest"
2020-01-11,27,14,21,9,9,14,NA,NA,"Emnid"
2020-01-11,28,12,22,9,8,13,NA,NA,"Forsa"
2020-01-16,27,14,23,7,9,14,NA,NA,"ForWahlen"
2020-01-18,26,15,21,9,9,14,NA,NA,"Emnid"
2020-01-18,28,13,22,8,9,13,NA,NA,"Forsa"
2020-01-23,26,14,24,8,8,14,NA,NA,"Infratest"
2020-01-25,26,14,21,9,10,15,NA,NA,"Emnid"
2020-01-25,28,12,23,9,9,12,NA,NA,"Forsa"
2020-01-29,28.5,14,23.5,8,8,13,NA,NA,"Allensbach"
2020-02-01,27,15,21,8,9,14,NA,NA,"Emnid"
2020-02-01,28,12,23,9,9,11,NA,NA,"Forsa"
2020-02-06,27,14,22,8,9,14,NA,NA,"Infratest"
2020-02-07,27,14,22,6,10,14,NA,NA,"ForWahlen"
2020-02-08,28,14,23,8,9,10,NA,NA,"Forsa"
2020-02-09,28,15,20,8,9,15,NA,NA,"Emnid"
2020-02-13,26,16,22,7,9,14,NA,NA,"Infratest"
2020-02-15,28,15,20,6,10,15,NA,NA,"Emnid"
2020-02-15,27,14,24,6,10,11,NA,NA,"Forsa"
2020-02-19,27.5,14.5,23,8,9.5,13,NA,NA,"Allensbach"
2020-02-22,27,15,20,7,10,14,NA,NA,"Emnid"
2020-02-22,27,14,24,7,10,10,NA,NA,"Forsa"
2020-02-29,27,16,24,5,10,10,NA,NA,"Forsa"
2020-03-01,25,16,22,6,10,14,NA,NA,"Emnid"
2020-03-05,27,16,23,6,9,12,NA,NA,"Infratest"
2020-03-06,26,16,23,6,8,14,NA,NA,"ForWahlen"
2020-03-06,27,15,21,6,10,14,NA,NA,"Yougov"
2020-03-07,26,15,24,6,10,11,NA,NA,"Forsa"
2020-03-08,24,17,22,7,9,14,NA,NA,"Emnid"
2020-03-14,26,17,21,7,8,14,NA,NA,"Emnid"
2020-03-14,29,14,22,6,10,11,NA,NA,"Forsa"
2020-03-19,30,14,23,7,9,10,NA,NA,"Infratest"
2020-03-21,28,16,21,7,9,13,NA,NA,"Emnid"
2020-03-21,32,15,20,7,9,9,NA,NA,"Forsa"
2020-03-25,29,16.5,23,7,8,11.5,NA,NA,"Allensbach"
2020-03-26,36,16,17,6,8,9,NA,NA,"Forsa"
2020-03-27,33,15,22,6,8,10,NA,NA,"ForWahlen"
2020-03-28,32,18,19,6,9,11,NA,NA,"Emnid"
2020-03-28,36,16,17,6,8,9,NA,NA,"Forsa"
2020-04-02,34,16,22,5,7,10,NA,NA,"Infratest"
2020-04-03,34,16,18,6,9,12,NA,NA,"Yougov"
2020-04-04,33,18,18,6,9,11,NA,NA,"Emnid"
2020-04-04,37,17,16,6,8,9,NA,NA,"Forsa"
2020-04-09,35,17,20,5,7,10,NA,NA,"ForWahlen"
2020-04-11,37,17,16,6,9,10,NA,NA,"Emnid"
2020-04-11,37,17,16,5,8,10,NA,NA,"Forsa"
2020-04-16,38,17,19,5,7,9,NA,NA,"Infratest"
2020-04-18,37,18,16,7,8,9,NA,NA,"Emnid"
2020-04-18,39,16,15,5,8,10,NA,NA,"Forsa"
2020-04-24,38,16,19,6,7,9,NA,NA,"Allensbach"
2020-04-24,39,16,18,5,7,9,NA,NA,"ForWahlen"
2020-04-25,38,16,15,6,9,11,NA,NA,"Emnid"
2020-04-25,39,16,15,6,8,9,NA,NA,"Forsa"
2020-04-30,37,16,16,5,9,11,NA,NA,"Yougov"
2020-05-02,37,15,15,6,9,12,NA,NA,"Emnid"
2020-05-02,38,17,14,6,8,10,NA,NA,"Forsa"
2020-05-07,39,16,18,5,8,9,NA,NA,"Infratest"
2020-05-09,38,17,14,5,8,12,NA,NA,"Emnid"
2020-05-09,40,15,15,6,7,10,NA,NA,"Forsa"
2020-05-14,38,15,18,6,7,10,NA,NA,"Infratest"
2020-05-15,38,15,18,5,8,10,NA,NA,"ForWahlen"
2020-05-16,39,16,14,6,8,11,NA,NA,"Emnid"
2020-05-16,39,15,16,6,8,9,NA,NA,"Forsa"
2020-05-22,38,15.5,19,5.5,7,9,NA,NA,"Allensbach"
2020-05-23,38,16,15,7,8,10,NA,NA,"Emnid"
2020-05-23,40,15,16,5,8,9,NA,NA,"Forsa"
2020-05-28,37,15,16,5,9,11,NA,NA,"Yougov"
2020-05-29,39,15,19,4,8,9,NA,NA,"ForWahlen"
2020-05-30,40,16,15,8,7,9,NA,NA,"Emnid"
2020-05-30,40,15,16,5,8,9,NA,NA,"Forsa"
2020-06-04,38,15,19,6,8,9,NA,NA,"Infratest"
2020-06-06,38,15,16,7,8,8,NA,NA,"Emnid"
2020-06-06,40,16,15,6,8,8,NA,NA,"Forsa"
2020-06-12,39,15,20,4,7,9,NA,NA,"ForWahlen"
2020-06-13,39,15,17,7,7,9,NA,NA,"Emnid"
2020-06-13,40,14,17,6,8,8,NA,NA,"Forsa"
2020-06-18,40,16,18.5,4.5,7,9.5,NA,NA,"Allensbach"
2020-06-20,38,15,17,7,8,10,NA,NA,"Emnid"
2020-06-20,39,14,18,5,8,9,NA,NA,"Forsa"
2020-06-25,37,16,20,5,7,10,NA,NA,"Infratest"
2020-06-26,40,15,19,5,7,9,NA,NA,"ForWahlen"
2020-06-26,37,15,17,5,9,11,NA,NA,"Yougov"
2020-06-27,37,16,18,6,8,10,NA,NA,"Emnid"
2020-06-27,38,14,17,6,8,10,NA,NA,"Forsa"
2020-07-02,37,16,20,5,7,10,NA,NA,"Infratest"
2020-07-04,37,16,19,6,8,10,NA,NA,"Emnid"
2020-07-04,38,14,18,5,8,10,NA,NA,"Forsa"
2020-07-10,39,15,20,5,7,9,NA,NA,"ForWahlen"
2020-07-11,38,14,18,6,7,10,NA,NA,"Forsa"
2020-07-12,38,15,17,6,8,11,NA,NA,"Emnid"
2020-07-18,38,16,17,6,8,10,NA,NA,"Emnid"
2020-07-18,38,14,18,6,8,9,NA,NA,"Forsa"
2020-07-22,38,15.5,20,5.5,7.5,9,NA,NA,"Allensbach"
2020-07-23,37,14,20,5,7,11,NA,NA,"Infratest"
2020-07-25,38,14,18,6,8,9,NA,NA,"Forsa"
2020-07-26,37,15,18,6,8,11,NA,NA,"Emnid"
2020-07-31,38,14,21,5,8,9,NA,NA,"ForWahlen"
2020-08-01,38,14,18,6,8,8,NA,NA,"Forsa"
2020-08-02,37,16,17,6,8,10,NA,NA,"Emnid"
2020-08-06,38,15,18,6,7,11,NA,NA,"Infratest"
2020-08-06,36,14,18,6,9,11,NA,NA,"Yougov"
2020-08-08,38,14,18,6,8,8,NA,NA,"Forsa"
2020-08-09,38,15,18,6,8,11,NA,NA,"Emnid"
2020-08-15,36,16,20,6,6,9,NA,NA,"Forsa"
2020-08-16,36,18,16,6,8,11,NA,NA,"Emnid"
2020-08-20,37,16,17,6,8,10,NA,NA,"Infratest"
2020-08-22,36,16,19,5,7,9,NA,NA,"Forsa"
2020-08-23,36,17,16,7,8,10,NA,NA,"Emnid"
2020-08-27,38,17,19,5.5,7,9,NA,NA,"Allensbach"
2020-08-28,38,16,19,5,8,9,NA,NA,"ForWahlen"
2020-08-28,36,16,18,5,8,11,NA,NA,"Yougov"
2020-08-29,36,16,19,5,7,9,NA,NA,"Forsa"
2020-08-30,36,16,18,6,8,11,NA,NA,"Emnid"
2020-09-03,36,17,19,6,7,10,NA,NA,"Infratest"
2020-09-05,36,16,18,5,9,9,NA,NA,"Forsa"
2020-09-06,36,17,18,6,7,11,NA,NA,"Emnid"
2020-09-12,36,16,18,5,9,9,NA,NA,"Forsa"
2020-09-13,36,17,18,6,8,10,NA,NA,"Emnid"
2020-09-17,37,17,19,5,7,10,NA,NA,"ForWahlen"
2020-09-17,36,16,20,5,8,10,NA,NA,"Infratest"
2020-09-19,36,16,18,5,8,11,NA,NA,"Emnid"
2020-09-19,36,14,22,5,8,8,NA,NA,"Forsa"
2020-09-22,37,17,19.5,6,7,9,NA,NA,"Allensbach"
2020-09-25,35,15,18,5,9,12,NA,NA,"Yougov"
2020-09-26,35,15,21,6,8,9,NA,NA,"Forsa"
2020-09-27,36,16,18,6,8,11,NA,NA,"Emnid"
2020-10-01,35,15,21,6,8,10,NA,NA,"Infratest"
2020-10-03,36,15,20,6,7,9,NA,NA,"Forsa"
2020-10-04,35,16,18,6,9,11,NA,NA,"Emnid"
2020-10-09,37,16,20,5,7,10,NA,NA,"ForWahlen"
2020-10-10,36,15,20,5,8,9,NA,NA,"Forsa"
2020-10-11,34,17,20,5,8,9,NA,NA,"Emnid"
2020-10-15,35,15,20,6,7,11,NA,NA,"Infratest"
2020-10-17,35,16,19,6,8,10,NA,NA,"Emnid"
2020-10-17,36,15,20,6,7,9,NA,NA,"Forsa"
2020-10-23,35.5,17,20,6,7,10,NA,NA,"Allensbach"
2020-10-23,38,15,20,5,8,9,NA,NA,"ForWahlen"
2020-10-24,35,15,19,6,8,11,NA,NA,"Emnid"
2020-10-24,36,15,20,6,7,9,NA,NA,"Forsa"
2020-10-30,35,15,18,6,9,12,NA,NA,"Yougov"
2020-10-31,35,16,19,6,8,10,NA,NA,"Forsa"
2020-11-01,35,15,19,7,8,10,NA,NA,"Emnid"
2020-11-07,36,15,18,6,8,10,NA,NA,"Forsa"
2020-11-08,36,16,18,7,8,9,NA,NA,"Emnid"
2020-11-12,36,15,20,6,7,10,NA,NA,"Infratest"
2020-11-13,37,16,20,5,7,9,NA,NA,"ForWahlen"
2020-11-14,36,15,19,5,8,10,NA,NA,"Forsa"
2020-11-15,35,15,19,7,8,9,NA,NA,"Emnid"
2020-11-18,37,17,18,6.5,7.5,9.5,NA,NA,"Allensbach"
2020-11-21,36,16,19,6,7,9,NA,NA,"Forsa"
2020-11-22,36,16,18,7,7,9,NA,NA,"Emnid"
2020-11-26,35,15,21,7,7,11,NA,NA,"Infratest"
2020-11-26,37,15,18,6,9,10,NA,NA,"Yougov"
2020-11-27,37,16,21,5,7,9,NA,NA,"ForWahlen"
2020-11-28,37,15,21,6,8,7,NA,NA,"Forsa"
2020-11-29,34,16,18,8,8,9,NA,NA,"Emnid"
2020-12-03,36,15,21,6,7,10,NA,NA,"Infratest"
2020-12-05,36,15,20,6,8,8,NA,NA,"Forsa"
2020-12-06,35,15,19,7,8,10,NA,NA,"Emnid"
2020-12-10,37,16,20,5,8,10,NA,NA,"ForWahlen"
2020-12-10,36,16,20,6,7,9,NA,NA,"Infratest"
2020-12-12,37,15,20,5,8,8,NA,NA,"Forsa"
2020-12-13,35,16,19,7,7,10,NA,NA,"Emnid"
2020-12-16,37,16.5,19,7,7,9,NA,NA,"Allensbach"
2020-12-19,35,17,19,6,8,10,NA,NA,"Emnid"
2020-12-19,37,15,19,6,8,8,NA,NA,"Forsa"
2020-12-26,36,15,18,6,9,9,NA,NA,"Forsa"
2021-01-06,36,15,18,6,9,10,NA,NA,"Yougov"
2021-01-07,35,14,21,7,7,10,NA,NA,"Infratest"
2021-01-09,36,14,20,7,8,8,NA,NA,"Forsa"
2021-01-15,37,15,20,5,8,10,NA,NA,"ForWahlen"
2021-01-17,36,15,18,7,8,10,NA,NA,"Emnid"
2021-01-18,35,15,19,7,8,9,NA,NA,"Forsa"
2021-01-18,35,15,20,6,8,9,NA,NA,"Forsa"
2021-01-21,34,15,21,7,6,10,NA,NA,"Infratest"
2021-01-24,35,15,20,7,8,9,NA,NA,"Emnid"
2021-01-26,37,15,18,7,7,9,NA,NA,"Forsa"
2021-01-28,37,16,20,6.5,7.5,9,NA,NA,"Allensbach"
2021-01-28,37,15,20,6,7,9,NA,NA,"ForWahlen"
2021-01-31,36,15,19,7,8,9,NA,NA,"Emnid"
2021-02-02,37,15,19,6,8,8,NA,NA,"Forsa"
2021-02-04,34,15,21,8,6,10,NA,NA,"Infratest"
2021-02-04,36,15,18,7,9,10,NA,NA,"Yougov"
2021-02-07,36,16,19,7,7,9,NA,NA,"Emnid"
2021-02-09,37,15,19,7,7,8,NA,NA,"Forsa"
2021-02-14,35,17,18,8,7,10,NA,NA,"Emnid"
2021-02-16,35,16,19,7,8,8,NA,NA,"Forsa"
2021-02-18,33,16,20,8,6,11,NA,NA,"Infratest"
2021-02-20,34,16,19,8,8,9,NA,NA,"Emnid"
2021-02-23,35,16,19,8,7,8,NA,NA,"Forsa"
2021-02-25,37,15,20,7,7,9.5,NA,NA,"Allensbach"
2021-02-26,35,16,19,7,7,10,NA,NA,"ForWahlen"
2021-02-26,33,16,18,8,8,11,NA,NA,"Yougov"
2021-02-27,34,16,18,8,9,9,NA,NA,"Emnid"
2021-03-02,34,16,19,7,8,9,NA,NA,"Forsa"
2021-03-04,33,16,20,7,7,11,NA,NA,"Infratest"
2021-03-07,32,16,19,9,9,10,NA,NA,"Emnid"
2021-03-10,33,16,18,8,8,10,NA,NA,"Forsa"
2021-03-14,31,16,19,8,8,11,NA,NA,"Emnid"
2021-03-17,29,16,21,8,8,10,NA,NA,"Forsa"
2021-03-18,29,17,20,9,7,11,NA,NA,"Infratest"
2021-03-20,27,17,22,10,8,10,NA,NA,"Emnid"
2021-03-24,28.5,18,21.5,8.5,8.5,10,NA,NA,"Allensbach"
2021-03-24,26,16,22,10,8,10,NA,NA,"Forsa"
2021-03-26,28,15,23,9,7,12,NA,NA,"ForWahlen"
2021-03-27,25,17,23,10,9,10,NA,NA,"Emnid"
2021-03-31,27,15,23,10,7,11,NA,NA,"Forsa"
2021-04-01,27,16,22,9,7,11,NA,NA,"Infratest"
2021-04-01,27,17,21,10,8,11,NA,NA,"Yougov"
2021-04-04,26,16,23,9,9,10,NA,NA,"Emnid"
2021-04-07,27,15,23,10,7,10,NA,NA,"Forsa"
2021-04-11,27,15,22,9,9,11,NA,NA,"Emnid"
2021-04-14,27,15,23,9,8,11,NA,NA,"Forsa"
2021-04-15,28,15,21,11,7,11,NA,NA,"Infratest"
2021-04-16,31,14,21,9,7,11,NA,NA,"ForWahlen"
2021-04-18,29,15,22,9,8,11,NA,NA,"Emnid"
2021-04-20,21,13,28,12,7,11,NA,NA,"Forsa"
2021-04-20,28,15,23,10,6,11,NA,NA,"Forsa"
2021-04-21,28,16.5,23,10,7.5,9.5,NA,NA,"Allensbach"
2021-04-24,27,13,28,9,7,10,NA,NA,"Emnid"
2021-04-28,22,13,28,12,7,11,NA,NA,"Forsa"
2021-04-30,24,14,25,11,8,11,NA,NA,"Yougov"
2021-05-01,24,15,27,11,7,10,NA,NA,"Emnid"
2021-05-05,23,14,28,12,6,10,NA,NA,"Forsa"
2021-05-06,23,14,26,11,6,12,3,NA,"Infratest"
2021-05-07,25,14,26,10,7,11,NA,NA,"ForWahlen"
2021-05-08,23,16,26,12,7,10,NA,NA,"Emnid"
2021-05-12,24,15,27,11,6,10,NA,NA,"Forsa"
2021-05-12,24,15,27,11,6,10,NA,NA,"Forsa"
2021-05-13,24,15,25,12,7,11,NA,NA,"Infratest"
2021-05-15,24,15,25,11,8,11,NA,NA,"Emnid"
2021-05-19,27.5,16,24,10,6.5,10,NA,NA,"Allensbach"
2021-05-19,24,15,26,11,6,10,NA,NA,"Forsa"
2021-05-21,26,14,24,11,8,11,NA,NA,"Emnid"
2021-05-21,24,14,25,11,7,11,3,NA,"ForWahlen"
2021-05-26,24,14,25,13,6,10,NA,NA,"Forsa"
2021-05-27,26,15,22,12,7,11,NA,NA,"Yougov"
2021-05-28,25,15,23,12,7,12,NA,NA,"Emnid"
2021-06-02,25,14,24,14,6,9,NA,NA,"Forsa"
2021-06-05,24,16,22,13,7,11,NA,NA,"Emnid"
2021-06-09,27,14,22,14,6,9,NA,NA,"Forsa"
2021-06-10,28,15,22,10,7,11,3,NA,"ForWahlen"
2021-06-10,28,14,20,12,7,12,NA,NA,"Infratest"
2021-06-11,26,16,21,13,7,11,NA,NA,"Emnid"
2021-06-16,29.5,17,21.5,11,7,9,NA,NA,"Allensbach"
2021-06-16,28,14,21,14,7,9,NA,NA,"Forsa"
2021-06-18,27,17,20,12,7,10,NA,NA,"Emnid"
2021-06-23,29,15,21,13,6,9,NA,NA,"Forsa"
2021-06-24,28,15,21,11,6,12,3,NA,"Infratest"
2021-06-25,28,17,19,11,7,10,NA,NA,"Emnid"
2021-06-25,29,14,22,10,7,10,NA,NA,"ForWahlen"
2021-06-30,30,14,20,12,7,9,NA,NA,"Forsa"
2021-07-01,28,15,20,11,7,11,NA,NA,"Infratest"
2021-07-02,28,16,20,10,7,11,NA,NA,"Emnid"
2021-07-02,30,15,19,11,7,11,NA,NA,"Yougov"
2021-07-07,30,15,19,11,7,10,NA,NA,"Forsa"
2021-07-10,29,15,19,11,8,11,NA,NA,"Emnid"
2021-07-14,30,15,19,12,7,9,NA,NA,"Forsa"
2021-07-16,28,15,20,11,8,11,NA,NA,"Emnid"
2021-07-16,30,15,20,10,7,10,NA,NA,"ForWahlen"
2021-07-20,31.5,16.5,18,12,6.5,9.5,NA,NA,"Allensbach"
2021-07-21,28,16,19,12,7,10,NA,NA,"Forsa"
2021-07-22,29,16,19,12,6,10,NA,NA,"Infratest"
2021-07-23,28,16,19,12,7,11,NA,NA,"Emnid"
2021-07-28,30,16,19.5,12,7,9.5,NA,NA,"Allensbach"
2021-07-28,26,15,21,13,7,10,NA,NA,"Forsa"
2021-07-30,27,17,19,13,6,11,NA,NA,"Emnid"
2021-07-30,28,16,21,10,7,11,3,NA,"ForWahlen"
2021-07-30,28,16,16,12,8,12,NA,NA,"Yougov"
2021-08-03,26,16,20,13,6,10,NA,NA,"Forsa"
2021-08-04,24,18,22,13,6,11,NA,NA,"Emnid"
2021-08-05,27,18,19,12,6,10,NA,NA,"Infratest"
2021-08-11,22,19,21,12,7,11,NA,NA,"Emnid"
2021-08-11,23,19,20,12,7,10,NA,NA,"Forsa"
2021-08-13,26,19,19,11,7,11,NA,NA,"ForWahlen"
2021-08-18,23,21,19,12,6,10,NA,NA,"Forsa"
2021-08-19,27.5,19.5,17.5,11,7.5,11,NA,NA,"Allensbach"
2021-08-19,22,21,19,12,7,11,NA,NA,"Emnid"
2021-08-19,23,21,17,13,7,11,NA,NA,"Infratest"
2021-08-24,22,23,18,12,6,10,NA,NA,"Forsa"
2021-08-26,23,23,18,12,7,11,NA,NA,"Emnid"
2021-08-27,22,22,20,10,6,11,3,NA,"ForWahlen"
2021-08-27,22,24,16,13,8,11,NA,NA,"Yougov"
2021-08-28,26,24,17,10.5,6,10.5,NA,NA,"Allensbach"
2021-08-31,21,23,18,12,6,11,NA,NA,"Forsa"
2021-09-02,21,25,19,11,7,11,NA,NA,"Emnid"
2021-09-02,20,25,16,13,6,12,NA,NA,"Infratest"
2021-09-03,22,25,17,11,7,11,NA,NA,"ForWahlen"
2021-09-03,20,25,15,13,8,12,NA,NA,"Yougov"
2021-09-07,19,25,17,13,6,11,NA,NA,"Forsa"
2021-09-08,25,27,15.5,9.5,6,11,NA,NA,"Allensbach"
2021-09-09,21,25,17,12,6,12,NA,NA,"Emnid"
2021-09-10,22,25,17,11,6,11,3,NA,"ForWahlen"
2021-09-10,21,26,15,10,6,12,NA,NA,"Yougov"
2021-09-14,21,25,17,11,6,11,3,NA,"Forsa"
2021-09-16,20,26,17,11,6,12,NA,NA,"Emnid"
2021-09-16,22,26,15,11,6,11,3,NA,"Infratest"
2021-09-16,20,25,15,10,8,11,3,NA,"Yougov"
2021-09-17,22,25,16,11,6,11,NA,NA,"ForWahlen"
2021-09-21,22,25,17,11,6,11,3,NA,"Forsa"
2021-09-23,21,25,16,11,7,11,NA,NA,"Emnid"
2021-09-23,23,25,16.5,11,6,10,3,NA,"ForWahlen"
2021-09-23,21,25,14,11,7,12,2,NA,"Yougov"
2021-09-24,25,26,16,10.5,5,10,NA,NA,"Allensbach"
2021-09-24,22,25,17,12,6,10,3,NA,"Forsa"
2021-09-26,24.1,25.7,14.8,11.5,4.9,10.3,2.4,NA,"Allensbach"
2021-09-26,24.1,25.7,14.8,11.5,4.9,10.3,2.4,NA,"Emnid"
2021-09-26,24.1,25.7,14.8,11.5,4.9,10.3,2.4,NA,"Forsa"
2021-09-26,24.1,25.7,14.8,11.5,4.9,10.3,2.4,NA,"ForWahlen"
2021-09-26,24.1,25.7,14.8,11.5,4.9,10.3,2.4,NA,"Infratest"
2021-09-26,24.1,25.7,14.8,11.5,4.9,10.3,2.4,NA,"INSA"
2021-09-26,24.1,25.7,14.8,11.5,4.9,10.3,2.4,NA,"Yougov"
2021-10-01,20,28,16,13,5,10,NA,NA,"ForWahlen"
2021-10-02,21,28,16,12,5,10,NA,NA,"INSA"
2021-10-04,21,28,15.5,13.5,4.5,10,NA,NA,"INSA"
2021-10-05,20,26,16,14,5,9,NA,NA,"Forsa"
2021-10-09,20,26,17,13,5,10,3,NA,"Emnid"
2021-10-09,20,28,15,14,5,10,NA,NA,"INSA"
2021-10-11,19.5,28.5,16,14.5,4,11,NA,NA,"INSA"
2021-10-12,20,26,16,14,5,9,NA,NA,"Forsa"
2021-10-14,19,26,17,14,5,10,NA,NA,"Emnid"
2021-10-15,19,28,17,13,5,11,NA,NA,"ForWahlen"
2021-10-16,19,28,16,13,4,11,NA,NA,"INSA"
2021-10-18,18.5,28,16,15,5,11.5,NA,NA,"INSA"
2021-10-19,20,26,16,15,5,9,NA,NA,"Forsa"
2021-10-20,21,28,15,14,5,9.5,NA,NA,"Allensbach"
2021-10-23,21,25,16,13,5,11,NA,NA,"Emnid"
2021-10-23,20,27,17,14,4,11,NA,NA,"INSA"
2021-10-25,20,28,16,14,5,11,NA,NA,"INSA"
2021-10-26,20,25,17,16,5,9,NA,NA,"Forsa"
2021-10-28,22,26,16,13,4,10,NA,NA,"Infratest"
2021-10-29,20,27,16,14,5,11,NA,NA,"ForWahlen"
2021-10-30,21,25,17,14,5,11,NA,NA,"Emnid"
2021-10-30,21,27,16,13,5,11,NA,NA,"INSA"
2021-11-02,21,25,16,15,5,9,NA,NA,"Forsa"
2021-11-02,20,27,16,13.5,5,11.5,NA,NA,"INSA"
2021-11-04,21,27,16,13,5,10,NA,NA,"Infratest"
2021-11-06,22,25,16,13,5,10,3,NA,"Emnid"
2021-11-06,21,27,15,14,5,11,NA,NA,"INSA"
2021-11-08,20.5,26.5,16,13.5,5.5,10.5,NA,NA,"INSA"
2021-11-09,22,25,16,14,5,9,NA,NA,"Forsa"
2021-11-12,20,28,16,13,5,11,NA,NA,"ForWahlen"
2021-11-13,21,25,16,14,6,10,NA,NA,"Emnid"
2021-11-13,22,26,15,13,5,11,NA,NA,"INSA"
2021-11-15,21,27,15,13,5.5,11.5,NA,NA,"INSA"
2021-11-16,22,24,17,12,5,10,NA,NA,"Forsa"
2021-11-18,23,27,15,14,5.5,9.5,NA,NA,"Allensbach"
2021-11-20,21,24,18,12,6,11,NA,NA,"Emnid"
2021-11-20,21,26,15,13,5,12,NA,NA,"INSA"
2021-11-22,22,26,14,14,5.5,11,NA,NA,"INSA"
2021-11-23,22,24,17,12,5,10,NA,NA,"Forsa"
2021-11-25,21,25,17,13,5,11,NA,NA,"Infratest"
2021-11-26,19,28,17,13,5,11,NA,NA,"ForWahlen"
2021-11-26,23,25,16,11,6,12,2,NA,"Yougov"
2021-11-27,22,24,18,11,6,11,NA,NA,"Emnid"
2021-11-27,21,26,15,13,6,12,NA,NA,"INSA"
2021-11-29,21,25,16,14,5.5,11,NA,NA,"INSA"
2021-11-30,22,24,17,12,5,10,NA,NA,"Forsa"
2021-12-02,23,25,17,12,5,11,NA,NA,"Infratest"
2021-12-04,20,27,16,12,6,11,NA,NA,"Emnid"
2021-12-04,21,26,15,13,5,12,NA,NA,"INSA"
2021-12-06,22,26,15,13.5,5.5,11.5,NA,NA,"INSA"
2021-12-07,22,25,17,11,5,10,NA,NA,"Forsa"
2021-12-09,23,26,16,12,5,11,NA,NA,"Infratest"
2021-12-10,21,28,17,12,5,10,NA,NA,"ForWahlen"
2021-12-11,21,28,15,11,5,11,3,NA,"Emnid"
2021-12-11,22,26,15,13,5,11,NA,NA,"INSA"
2021-12-13,22,27,14.5,13,5.5,11.5,NA,NA,"INSA"
2021-12-14,23,26,15,11,5,10,NA,NA,"Forsa"
2021-12-17,23,27,16,10,6,11,2,NA,"Yougov"
2021-12-18,22,27,16,11,5,10,NA,NA,"Emnid"
2021-12-18,23,27,14,12,5,12,NA,NA,"INSA"
2021-12-20,21.5,27.5,14.5,13,5.5,11.5,NA,NA,"INSA"
2021-12-21,24,26,16,10,5,9,NA,NA,"Forsa"
2021-12-22,24,26,15,13,5,10.5,NA,NA,"Allensbach"
2021-12-26,23,28,15,11,5,11,NA,NA,"INSA"
2021-12-27,22,27,16,11,5,11,NA,NA,"Emnid"
2022-01-01,24,27,16,10,5,11,NA,NA,"INSA"
2022-01-03,23,26.5,15.5,11,6,11.5,NA,NA,"INSA"
2022-01-06,23,26,16,11,5,11,NA,NA,"Infratest"
2022-01-08,23,27,16,12,5,11,NA,NA,"INSA"
2022-01-10,23,26.5,15,12,5,12,NA,NA,"INSA"
2022-01-11,25,25,17,10,5,9,NA,NA,"Forsa"
2022-01-14,22,27,16,11,6,10,NA,NA,"ForWahlen"
2022-01-15,23,26,17,10,6,10,NA,NA,"Emnid"
2022-01-15,23,27,16,11,5,12,NA,NA,"INSA"
2022-01-17,22.5,26,15.5,12,6,12,NA,NA,"INSA"
2022-01-18,25,25,16,10,5,10,NA,NA,"Forsa"
2022-01-20,24,25,16,10,5,12,NA,NA,"Infratest"
2022-01-22,22,26,17,9,6,12,NA,NA,"Emnid"
2022-01-22,23,26,16,12,6,12,NA,NA,"INSA"
2022-01-24,24,26,15,11.5,6,11,NA,NA,"INSA"
2022-01-25,24,25,16,10,6,10,NA,NA,"Forsa"
2022-01-26,23,27.5,14.5,12.5,5.5,10,NA,NA,"Allensbach"
2022-01-28,23,24,18,10,7,10,NA,NA,"ForWahlen"
2022-01-28,26,23,15,8,8,12,2,NA,"Yougov"
2022-01-29,24,24,18,10,6,10,NA,NA,"Emnid"
2022-01-29,24,26,16,11,6,11,NA,NA,"INSA"
2022-01-31,25,24,15,12.5,6.5,10,NA,NA,"INSA"
2022-02-01,27,23,16,9,6,10,NA,NA,"Forsa"
2022-02-03,27,22,16,10,5,12,NA,NA,"Infratest"
2022-02-05,24,24,17,9,6,11,NA,NA,"Emnid"
2022-02-05,27,22,16,11,6,11,NA,NA,"INSA"
2022-02-07,26,23,15,12,7,11,NA,NA,"INSA"
2022-02-08,27,22,16,9,6,10,NA,NA,"Forsa"
2022-02-11,25,25,16,9,6,11,NA,NA,"ForWahlen"
2022-02-12,26,22,16,10,6,12,NA,NA,"Emnid"
2022-02-12,26,22,16,11,6,12,NA,NA,"INSA"
2022-02-14,26,22.5,15,12,6,12,NA,NA,"INSA"
2022-02-15,27,23,16,9,6,9,NA,NA,"Forsa"
2022-02-17,26,24,15,9,5,12,NA,NA,"Infratest"
2022-02-19,24,24,16,10,6,12,NA,NA,"Emnid"
2022-02-19,27,22,15,11,7,12,NA,NA,"INSA"
2022-02-21,27,23,14.5,12.5,6,11,NA,NA,"INSA"
2022-02-21,27,21,17,9,7,11,1,NA,"Yougov"
2022-02-22,27,23,17,9,6,9,NA,NA,"Forsa"
2022-02-24,27,25,15,10.5,6,10,NA,NA,"Allensbach"
2022-02-26,25,26,17,9,7,10,NA,NA,"Emnid"
2022-02-27,26,23,15,11,7,12,NA,NA,"INSA"
2022-03-01,26,25,18,9,6,7,NA,NA,"Forsa"
2022-03-01,27,23,15.5,11,6.5,10.5,NA,NA,"INSA"
2022-03-02,24,26,17,9,6,11,NA,NA,"ForWahlen"
2022-03-03,26,25,16,9,5,11,NA,NA,"Infratest"
2022-03-05,26,26,17,8,6,10,NA,NA,"Emnid"
2022-03-05,25,25,15,11,6,11,NA,NA,"INSA"
2022-03-07,24.5,25,15.5,11,6,10.5,NA,NA,"INSA"
2022-03-08,25,26,18,9,6,7,NA,NA,"Forsa"
2022-03-11,24,27,18,9,5,10,NA,NA,"ForWahlen"
2022-03-11,26,23,16,9,6,11,1,NA,"Yougov"
2022-03-12,26,25,19,8,5,10,NA,NA,"Emnid"
2022-03-12,24,26,16,10,6,10,NA,NA,"INSA"
2022-03-14,25.5,25,15.5,10.5,5,10.5,NA,NA,"INSA"
2022-03-15,26,25,18,9,5,9,NA,NA,"Forsa"
2022-03-17,26,25,17,9,4,11,NA,NA,"Infratest"
2022-03-19,26,26,19,8,5,9,NA,NA,"Emnid"
2022-03-19,26,26,16,10,5,10,NA,NA,"INSA"
2022-03-21,26.5,24.5,16.5,11,4.5,11,NA,NA,"INSA"
2022-03-22,27,23,18,10,5,9,NA,NA,"Forsa"
2022-03-24,25,25,17,10.5,5,10,NA,NA,"Allensbach"
2022-03-26,25,26,18,9,6,9,NA,NA,"Emnid"
2022-03-26,26,26,16,10,5,11,NA,NA,"INSA"
2022-03-29,26,24,18,9,5,9,NA,NA,"Forsa"
2022-03-29,26,25,16.5,10,5.5,10.5,NA,NA,"INSA"
2022-04-02,26,25,18,9,5,9,NA,NA,"Emnid"
2022-04-02,26,26,16,10,4,11,NA,NA,"INSA"
2022-04-04,26,25,17.5,10.5,4.5,10.5,NA,NA,"INSA"
2022-04-05,24,27,19,8,4,9,NA,NA,"Forsa"
2022-04-07,25,24,19,9,4,11,NA,NA,"Infratest"
2022-04-08,24,27,19,8,4,11,NA,NA,"ForWahlen"
2022-04-09,25,27,19,8,4,10,NA,NA,"Emnid"
2022-04-09,26,25,16,10,4,11,NA,NA,"INSA"
2022-04-11,27,25,17.5,9,4.5,11,NA,NA,"INSA"
2022-04-12,24,27,19,8,4,9,NA,NA,"Forsa"
2022-04-13,24,28,17,9,6,9,NA,NA,"Allensbach"
2022-04-14,26,24,18,8,4,11,NA,NA,"Infratest"
2022-04-14,26,21,18,9,6,12,1,NA,"Yougov"
2022-04-16,25,26,19,8,4,10,NA,NA,"Emnid"
2022-04-16,26,25,17,10,5,10,NA,NA,"INSA"
2022-04-19,25,25,20,8,4,9,NA,NA,"Forsa"
2022-04-19,26,23.5,19,9,4.5,11,NA,NA,"INSA"
2022-04-23,25,25,19,9,4,9,NA,NA,"Emnid"
2022-04-23,26,24,18,9,5,11,NA,NA,"INSA"
2022-04-25,26.5,24,18,9,4.5,11.5,NA,NA,"INSA"
2022-04-26,25,24,20,9,4,9,NA,NA,"Forsa"
2022-04-28,26,24,18,9,3,11,NA,NA,"Infratest"
2022-04-29,23,25,21,9,4,11,NA,NA,"ForWahlen"
2022-04-30,25,23,20,9,5,9,NA,NA,"Emnid"
2022-05-01,26,23,18,10,4,11,NA,NA,"INSA"
2022-05-02,27,23,19,9.5,4.5,10.5,NA,NA,"INSA"
2022-05-03,26,23,20,9,4,9,NA,NA,"Forsa"
2022-05-07,27,23,19,9,5,9,NA,NA,"Emnid"
2022-05-07,27,23,18,11,3,10,NA,NA,"INSA"
2022-05-09,27.5,22.5,19,10,3.5,10.5,NA,NA,"INSA"
2022-05-10,26,23,21,9,4,9,NA,NA,"Forsa"
2022-05-12,26,22,20,8,4,11,NA,NA,"Infratest"
2022-05-12,28,20,19,9,5,10,1,NA,"Yougov"
2022-05-14,26,22,20,9,5,10,NA,NA,"Emnid"
2022-05-14,27,22,18,10,4,10,NA,NA,"INSA"
2022-05-16,28,21.5,20.5,9,3,11,NA,NA,"INSA"
2022-05-17,27,22,22,8,4,8,NA,NA,"Forsa"
2022-05-20,26,22,24,7,4,10,NA,NA,"ForWahlen"
2022-05-21,26,22,21,8,5,10,NA,NA,"Emnid"
2022-05-21,28,21,19,10,3,10,NA,NA,"INSA"
2022-05-23,28.5,22,20,8.5,3,10.5,NA,NA,"INSA"
2022-05-24,28,21,23,7,4,9,NA,NA,"Forsa"
2022-05-27,29,24,20.5,8,4.5,9,NA,NA,"Allensbach"
2022-05-28,27,21,21,8,5,9,NA,NA,"Emnid"
2022-05-28,27,23,19,9,4,9,NA,NA,"INSA"
2022-05-30,27,22,20.5,8.5,3.5,10,NA,NA,"INSA"
2022-05-31,29,19,24,7,4,9,NA,NA,"Forsa"
2022-06-02,27,21,21,8,4,11,NA,NA,"Infratest"
2022-06-04,28,20,23,8,4,8,NA,NA,"Emnid"
2022-06-04,27,22,20,9,4,9,NA,NA,"INSA"
2022-06-07,27,19,23,8,4,10,NA,NA,"Forsa"
2022-06-07,27,20,21.5,9.5,3.5,10.5,NA,NA,"INSA"
2022-06-10,30,18,21,7,6,12,1,NA,"Yougov"
2022-06-11,26,22,23,9,4,8,NA,NA,"Emnid"
2022-06-11,27,21,21,9,4,10,NA,NA,"INSA"
2022-06-13,27.5,20,21,9.5,3.5,10.5,NA,NA,"INSA"
2022-06-14,27,20,23,8,4,9,NA,NA,"Forsa"
2022-06-17,26,22,25,6,5,10,NA,NA,"ForWahlen"
2022-06-18,28,20,22,8,4,9,NA,NA,"Emnid"
2022-06-19,27,20,21,9,4,10,NA,NA,"INSA"
2022-06-20,28,19.5,21,9.5,4,10,NA,NA,"INSA"
2022-06-21,28,19,23,8,4,9,NA,NA,"Forsa"
2022-06-22,27,23,22,8,4.5,10,NA,NA,"Allensbach"
2022-06-23,26,20,23,8,4,12,NA,NA,"Infratest"
2022-06-25,26,20,24,8,4,10,NA,NA,"Emnid"
2022-06-25,26,20,22,9,4,11,NA,NA,"INSA"
2022-06-27,27,20,21.5,9,4,10.5,NA,NA,"INSA"
2022-06-28,26,20,24,8,4,9,NA,NA,"Forsa"
2022-07-01,27,21,25,6,5,10,NA,NA,"ForWahlen"
2022-07-02,26,20,25,8,4,10,NA,NA,"Emnid"
2022-07-02,27,20,22,9,4,11,NA,NA,"INSA"
2022-07-04,28,19,21,9.5,4,11,NA,NA,"INSA"
2022-07-05,26,20,24,8,4,9,NA,NA,"Forsa"
2022-07-07,27,19,23,8,4,11,NA,NA,"Infratest"
2022-07-08,28,19,20,7,5,12,1,NA,"Yougov"
2022-07-09,25,20,24,7,5,10,NA,NA,"Emnid"
2022-07-10,28,19,22,8,4,10,NA,NA,"INSA"
2022-07-12,26,19,24,7,5,9,NA,NA,"Forsa"
2022-07-12,27,20,21,8.5,4.5,11,NA,NA,"INSA"
2022-07-15,26,21,25,6,5,11,NA,NA,"ForWahlen"
2022-07-16,25,20,24,8,4,11,NA,NA,"Emnid"
2022-07-16,26,19,22,8,5,11,NA,NA,"INSA"
2022-07-18,26.5,18.5,22,8,4.5,12,NA,NA,"INSA"
2022-07-19,26,20,24,6,5,9,NA,NA,"Forsa"
2022-07-21,27,19,22,7,4,12,NA,NA,"Infratest"
2022-07-23,25,19,23,8,5,11,NA,NA,"Emnid"
2022-07-23,27,18,23,8,5,12,NA,NA,"INSA"
2022-07-25,26.5,18.5,22,8,5,12,NA,NA,"INSA"
2022-07-26,26,19,24,6,5,10,NA,NA,"Forsa"
2022-07-27,27.5,22,22,7,5,11,NA,NA,"Allensbach"
2022-07-30,26,21,22,7,5,11,NA,NA,"Emnid"
2022-07-30,26,19,22,9,5,12,NA,NA,"INSA"
2022-08-01,26.5,18.5,22,8,5,12,NA,NA,"INSA"
2022-08-02,27,18,24,7,5,10,NA,NA,"Forsa"
2022-08-04,28,17,23,7,4,13,NA,NA,"Infratest"
2022-08-06,25,21,23,6,5,11,NA,NA,"Emnid"
2022-08-06,27,19,21,9,5,12,NA,NA,"INSA"
2022-08-08,27,18,21.5,8,5.5,12.5,NA,NA,"INSA"
2022-08-09,26,18,24,7,5,10,NA,NA,"Forsa"
2022-08-12,26,19,26,7,4,12,NA,NA,"ForWahlen"
2022-08-12,27,19,21,6,6,14,1,NA,"Yougov"
2022-08-13,27,21,22,7,5,11,NA,NA,"Emnid"
2022-08-13,27,19,22,9,5,12,NA,NA,"INSA"
2022-08-15,28,19,22,8,5,12,NA,NA,"INSA"
2022-08-16,26,18,25,6,4,11,NA,NA,"Forsa"
2022-08-18,28,18,23,7,4,12,NA,NA,"Infratest"
2022-08-20,28,20,23,6,4,12,NA,NA,"Emnid"
2022-08-20,28,19,21,8,5,12,NA,NA,"INSA"
2022-08-22,28,18.5,21,7.5,5.5,13,NA,NA,"INSA"
2022-08-23,26,18,25,7,4,11,NA,NA,"Forsa"
2022-08-24,29,19.5,21,8,5,12,NA,NA,"Allensbach"
2022-08-27,26,19,23,7,5,12,NA,NA,"Emnid"
2022-08-27,28,20,21,8,5,12,NA,NA,"INSA"
2022-08-29,27.5,19,20.5,8,5.5,13,NA,NA,"INSA"
2022-08-30,26,17,25,7,5,11,NA,NA,"Forsa"
2022-09-01,27,17,22,8,5,13,NA,NA,"Infratest"
2022-09-03,24,21,22,8,5,12,NA,NA,"Emnid"
2022-09-03,28,19,20,8,5,13,NA,NA,"INSA"
2022-09-06,26,18,24,7,5,11,NA,NA,"Forsa"
2022-09-06,28,18,20.5,7.5,5.5,13.5,NA,NA,"INSA"
2022-09-09,28,19,23,6,5,13,NA,NA,"ForWahlen"
2022-09-10,25,20,21,8,5,12,NA,NA,"Emnid"
2022-09-10,27,19,20,8,5,13,NA,NA,"INSA"
2022-09-12,28,18,20,8,5.5,13.5,NA,NA,"INSA"
2022-09-13,28,19,20,6,5,13,NA,NA,"Forsa"
2022-09-15,28,17,21,7,5,14,NA,NA,"Infratest"
2022-09-16,30,20,19,7,5.5,13,NA,NA,"Allensbach"
2022-09-16,29,16,19,6,7,14,1,NA,"Yougov"
2022-09-17,26,20,21,7,5,13,NA,NA,"Emnid"
2022-09-17,28,19,19,7,6,13,NA,NA,"INSA"
2022-09-20,28,19,19,7,5,13,NA,NA,"Forsa"
2022-09-20,28.5,18.5,19,7.5,5.5,14,NA,NA,"INSA"
2022-09-24,27,19,20,7,5,14,NA,NA,"Emnid"
2022-09-24,28,19,19,8,5,14,NA,NA,"INSA"
2022-09-26,27.5,18,19.5,8,5.5,15,NA,NA,"INSA"
2022-09-27,28,18,20,7,5,13,NA,NA,"Forsa"
2022-09-30,27,18,22,7,5,14,NA,NA,"ForWahlen"
2022-10-01,27,19,21,8,5,13,NA,NA,"Emnid"
2022-10-01,28,19,18,8,6,15,NA,NA,"INSA"
2022-10-04,28,18,20,6,5,14,NA,NA,"Forsa"
2022-10-04,27.5,19,18.5,8,5.5,15,NA,NA,"INSA"
2022-10-06,28,17,19,7,5,15,NA,NA,"Infratest"
2022-10-08,27,18,20,8,6,14,NA,NA,"Emnid"
2022-10-08,27,19,19,8,5,15,NA,NA,"INSA"
2022-10-10,27.5,19.5,19,7.5,5,15,NA,NA,"INSA"
2022-10-11,28,18,20,6,5,14,NA,NA,"Forsa"
2022-10-13,26,19,20,6,5,15,NA,NA,"Infratest"
2022-10-14,29,16,19,6,6,15,2,NA,"Yougov"
2022-10-15,25,20,21,6,5,15,NA,NA,"Emnid"
2022-10-16,28,19,18,8,5,15,NA,NA,"INSA"
2022-10-17,27.5,19.5,18.5,7.5,4.5,15.5,NA,NA,"INSA"
2022-10-18,27,20,20,6,4,14,NA,NA,"Forsa"
2022-10-20,30.5,19,19,7,5,14,NA,NA,"Allensbach"
2022-10-21,28,19,21,6,5,15,NA,NA,"ForWahlen"
2022-10-22,23,22,20,7,4,16,NA,NA,"Emnid"
2022-10-23,27,20,18,8,5,15,NA,NA,"INSA"
2022-10-25,28,19,20,6,4,14,NA,NA,"Forsa"
2022-10-25,26.5,20.5,17.5,8.5,4.5,15,NA,NA,"INSA"
2022-10-29,25,21,20,7,5,15,NA,NA,"Emnid"
2022-10-30,26,20,18,9,5,15,NA,NA,"INSA"
2022-11-01,26,20.5,18,9,4.5,15,NA,NA,"INSA"
2022-11-02,27,20,20,6,4,14,NA,NA,"Forsa"
2022-11-03,28,19,19,6,5,14,NA,NA,"Infratest"
2022-11-05,26,21,19,8,5,14,NA,NA,"Emnid"
2022-11-06,27,21,17,8,5,15,NA,NA,"INSA"
2022-11-07,27,21,17.5,8,4.5,14.5,NA,NA,"INSA"
2022-11-08,28,19,19,6,5,14,NA,NA,"Forsa"
2022-11-10,28,18,19,7,4,14,NA,NA,"Infratest"
2022-11-11,28,19,22,5,5,15,NA,NA,"ForWahlen"
2022-11-11,29,18,20,5,7,16,1,NA,"Yougov"
2022-11-12,26,21,20,7,5,14,NA,NA,"Emnid"
2022-11-13,28,21,18,7,4,15,NA,NA,"INSA"
2022-11-14,27.5,20.5,17.5,7,4.5,15,NA,NA,"INSA"
2022-11-15,28,19,20,6,4,14,NA,NA,"Forsa"
2022-11-19,27,20,19,7,5,13,NA,NA,"Emnid"
2022-11-20,28,20,17,7,5,15,NA,NA,"INSA"
2022-11-21,28,20,17,7.5,5,15,NA,NA,"INSA"
2022-11-22,28,19,20,6,5,13,NA,NA,"Forsa"
2022-11-24,29.5,20,20,7,4,14,NA,NA,"Allensbach"
2022-11-25,28,19,22,5,6,14,NA,NA,"ForWahlen"
2022-11-26,29,19,19,7,4,13,NA,NA,"Emnid"
2022-11-27,27,21,18,7,5,15,NA,NA,"INSA"
2022-11-28,27,21,17.5,7,5,15,NA,NA,"INSA"
2022-11-29,29,19,20,6,5,12,NA,NA,"Forsa"
2022-12-01,30,18,18,5,5,15,NA,NA,"Infratest"
2022-12-03,27,18,20,7,5,14,NA,NA,"Emnid"
2022-12-03,28,20,17,7,5,15,NA,NA,"INSA"
2022-12-06,29,19,19,7,5,12,NA,NA,"Forsa"
2022-12-06,28,20.5,17,7,5,14.5,NA,NA,"INSA"
2022-12-08,29,18,18,6,5,15,NA,NA,"Infratest"
2022-12-10,27,19,19,6,5,15,NA,NA,"Emnid"
2022-12-11,28,20,18,7,4,15,NA,NA,"INSA"
2022-12-13,29,19,19,7,5,12,NA,NA,"Forsa"
2022-12-13,28.5,20,18,7,4.5,15.5,NA,NA,"INSA"
2022-12-16,28,20,20,6,5,15,NA,NA,"ForWahlen"
2022-12-17,28,18,19,7,5,14,NA,NA,"Emnid"
2022-12-17,27,21,18,7,5,15,NA,NA,"INSA"
2022-12-19,27.5,21,17.5,7.5,4.5,14.5,NA,NA,"INSA"
2022-12-20,28,19,19,7,5,13,NA,NA,"Forsa"
2022-12-21,30,22,18,7.5,4.5,12,NA,NA,"Allensbach"
2022-12-22,30,19,17,7,5,14,1,NA,"Yougov"
2022-12-24,29,19,18,7,5,14,NA,NA,"Emnid"
2022-12-24,27,21,17,8,5,14,NA,NA,"INSA"
2022-12-31,26,20,18,7,5,15,NA,NA,"INSA"
2023-01-02,27,20,17.5,7.5,4.5,15,NA,NA,"INSA"
2023-01-05,29,18,19,6,5,15,NA,NA,"Infratest"
2023-01-08,27,20,18,7,5,15,NA,NA,"INSA"
2023-01-09,27,20,17.5,7.5,5,15,NA,NA,"INSA"
2023-01-10,29,18,20,7,5,13,NA,NA,"Forsa"
2023-01-13,27,20,21,6,6,14,NA,NA,"ForWahlen"
2023-01-13,27,18,17,8,6,16,1,NA,"Yougov"
2023-01-14,28,19,18,7,4,14,NA,NA,"Emnid"
2023-01-14,27,20,17,8,5,15,NA,NA,"INSA"
2023-01-16,28,21,16.5,7.5,5,15,NA,NA,"INSA"
2023-01-17,28,18,20,7,5,13,NA,NA,"Forsa"
2023-01-19,29,19,19,6,4,14,NA,NA,"Infratest"
2023-01-21,27,20,20,6,5,14,NA,NA,"Emnid"
2023-01-21,28,20,16,7,5,15,NA,NA,"INSA"
2023-01-23,28,20.5,16.5,7.5,4.5,15,NA,NA,"INSA"
2023-01-24,28,19,20,7,5,12,NA,NA,"Forsa"
2023-01-26,31,21,17,6,4.5,14,NA,NA,"Allensbach"
2023-01-27,27,21,19,6,6,15,NA,NA,"ForWahlen"
2023-01-28,27,21,19,7,5,14,NA,NA,"Emnid"
2023-01-28,29,20,16,7,5,15,NA,NA,"INSA"
2023-01-30,28.5,20.5,16,7.5,5,15,NA,NA,"INSA"
2023-01-31,27,20,19,7,5,13,NA,NA,"Forsa"
2023-02-02,27,20,18,7,4,15,NA,NA,"Infratest"
2023-02-04,25,21,19,7,5,15,NA,NA,"Emnid"
2023-02-04,28,21,16,8,5,15,NA,NA,"INSA"
2023-02-06,27,21,16,8,5,15.5,NA,NA,"INSA"
2023-02-07,28,21,18,7,5,13,NA,NA,"Forsa"
2023-02-10,27,19,16,6,6,17,2,NA,"Yougov"
2023-02-11,25,21,19,7,5,15,NA,NA,"Emnid"
2023-02-11,28,20,16,8,5,16,NA,NA,"INSA"
2023-02-13,28,20,16,7.5,5,16,NA,NA,"INSA"
2023-02-14,28,21,18,6,5,13,NA,NA,"Forsa"
2023-02-15,30,22.5,16,7.5,4,14,NA,NA,"Allensbach"
2023-02-16,29,19,17,6,5,15,NA,NA,"Infratest"
2023-02-17,30,20,19,5,5,14,NA,NA,"ForWahlen"
2023-02-18,26,21,18,7,5,15,NA,NA,"Emnid"
2023-02-18,29,21,16,7,5,16,NA,NA,"INSA"
2023-02-20,29,21.5,15.5,7,5,15.5,NA,NA,"INSA"
2023-02-21,31,19,17,6,5,13,NA,NA,"Forsa"
2023-02-25,29,21,17,6,5,15,NA,NA,"Emnid"
2023-02-25,29,21,16,7,5,15,NA,NA,"INSA"
2023-02-27,29.5,20.5,15.5,7.5,4.5,15.5,NA,NA,"INSA"
2023-02-28,31,20,17,5,5,13,NA,NA,"Forsa"
2023-03-02,31,18,17,6,5,14,NA,NA,"Infratest"
2023-03-03,29,21,18,5,5,15,NA,NA,"ForWahlen"
2023-03-04,28,20,18,6,6,14,NA,NA,"Emnid"
2023-03-05,30,20,16,7,5,15,NA,NA,"INSA"
2023-03-07,31,20,17,5,5,13,NA,NA,"Forsa"
2023-03-07,29.5,20,15.5,7.5,5,15.5,NA,NA,"INSA"
2023-03-10,28,20,16,6,7,17,1,NA,"Yougov"
2023-03-11,29,19,19,7,5,13,NA,NA,"Emnid"
2023-03-11,29,21,16,7,4,15,NA,NA,"INSA"
2023-03-13,28.5,21.5,15.5,7.5,4,16,NA,NA,"INSA"
2023-03-14,29,20,17,6,5,14,NA,NA,"Forsa"
2023-03-16,30,18,16,7,5,15,NA,NA,"Infratest"
2023-03-17,29,21,19,5,5,14,NA,NA,"ForWahlen"
2023-03-18,28,19,18,7,5,15,NA,NA,"Emnid"
2023-03-19,28,21,15,8,5,16,NA,NA,"INSA"
2023-03-20,28,21.5,15,7.5,5,16,NA,NA,"INSA"
2023-03-21,29,19,18,6,5,14,NA,NA,"Forsa"
2023-03-23,31,21,16,6.5,4.5,15,NA,NA,"Allensbach"
2023-03-25,28,18,18,7,5,15,NA,NA,"Emnid"
2023-03-25,28,21,16,8,4,15,NA,NA,"INSA"
2023-03-27,28,20.5,16,8,4,15.5,NA,NA,"INSA"
2023-03-28,29,19,18,6,4,14,NA,NA,"Forsa"
2023-03-31,30,19,17,7,5,15,NA,NA,"ForWahlen"
2023-04-01,28,18,19,7,4,15,NA,NA,"Emnid"
2023-04-01,27,21,16,8,4,16,NA,NA,"INSA"
2023-04-03,28,20,15.5,7.5,4.5,16,NA,NA,"INSA"
2023-04-04,29,18,18,7,4,14,NA,NA,"Forsa"
2023-04-06,30,18,17,7,4,15,NA,NA,"Infratest"
2023-04-06,30,20,15,6,6,17,1,NA,"Yougov"
2023-04-08,27,20,18,8,5,14,NA,NA,"Emnid"
2023-04-08,28,20,16,8,4,16,NA,NA,"INSA"
2023-04-11,30,18,18,7,4,14,NA,NA,"Forsa"
2023-04-11,27.5,20,15.5,8,4.5,16,NA,NA,"INSA"
2023-04-13,29,19,17,7,4,15,NA,NA,"Infratest"
2023-04-15,27,21,17,8,5,14,NA,NA,"Emnid"
2023-04-15,27,21,15,8,5,16,NA,NA,"INSA"
2023-04-17,27.5,21,15,8,4.5,16,NA,NA,"INSA"
2023-04-18,29,18,17,7,4,15,NA,NA,"Forsa"
2023-04-21,31,18,18,6,4,15,NA,NA,"ForWahlen"
2023-04-22,29,19,17,7,4,15,NA,NA,"Emnid"
2023-04-22,28,20,15,9,4,16,NA,NA,"INSA"
2023-04-24,27.5,20,14.5,9,4.5,16,NA,NA,"INSA"
2023-04-25,30,18,16,7,4,15,NA,NA,"Forsa"
2023-04-26,31,20,15,7.5,5,16,NA,NA,"Allensbach"
2023-04-29,30,18,16,7,5,16,NA,NA,"Emnid"
2023-04-29,28,21,14,8,5,16,NA,NA,"INSA"
2023-05-02,30,17,16,7,4,16,NA,NA,"Forsa"
2023-05-02,27,21,15,8,4.5,16.5,NA,NA,"INSA"
2023-05-04,30,17,16,7,5,16,NA,NA,"Infratest"
2023-05-05,30,19,17,6,5,15,NA,NA,"ForWahlen"
2023-05-06,31,17,16,8,4,16,NA,NA,"Emnid"
2023-05-06,28,20,14,9,4,16,NA,NA,"INSA"
2023-05-08,28,20,14,9,4.5,16.5,NA,NA,"INSA"
2023-05-09,29,18,16,7,4,16,NA,NA,"Forsa"
2023-05-11,28,18,16,8,5,16,NA,NA,"Infratest"
2023-05-12,31,16,16,5,6,17,2,NA,"Yougov"
2023-05-13,29,18,17,8,5,16,NA,NA,"Emnid"
2023-05-13,28,20,15,9,4,16,NA,NA,"INSA"
2023-05-15,28,20,14.5,8.5,5,16.5,NA,NA,"INSA"
2023-05-16,30,17,15,8,4,16,NA,NA,"Forsa"
2023-05-18,32,18,16,8,5,15,NA,NA,"Allensbach"
2023-05-20,28,18,16,8,5,16,NA,NA,"Emnid"
2023-05-20,28,21,14,8,5,17,NA,NA,"INSA"
2023-05-22,27.5,20.5,14,8.5,5,17,NA,NA,"INSA"
2023-05-23,30,18,14,7,5,16,NA,NA,"Forsa"
2023-05-26,28,20,16,6,5,17,NA,NA,"ForWahlen"
2023-05-27,29,18,15,8,5,16,NA,NA,"Emnid"
2023-05-27,28,20,13,9,4,18,NA,NA,"INSA"
2023-05-30,29,18,14,7,5,17,NA,NA,"Forsa"
2023-05-31,28,20.5,13,8.5,4.5,18,NA,NA,"INSA"
2023-06-01,29,18,15,7,4,18,NA,NA,"Infratest"
2023-06-03,27,20,15,8,5,17,NA,NA,"Emnid"
2023-06-03,27,19,13,9,5,19,NA,NA,"INSA"
2023-06-05,26.5,19,13.5,9,5,19,NA,NA,"INSA"
2023-06-06,30,18,14,7,4,17,NA,NA,"Forsa"
2023-06-09,28,19,13,5,6,20,1,NA,"Yougov"
2023-06-10,27,20,15,7,5,18,NA,NA,"Emnid"
2023-06-10,27,20,13,8,5,19,NA,NA,"INSA"
2023-06-12,27,20,13,8,4.5,19.5,NA,NA,"INSA"
2023-06-13,29,18,14,7,4,19,NA,NA,"Forsa"
2023-06-16,28,19,16,6,5,18,NA,NA,"ForWahlen"
2023-06-17,27,20,15,6,5,19,NA,NA,"Emnid"
2023-06-17,27,20,13,8,4,19,NA,NA,"INSA"
2023-06-19,26.5,20,13.5,7.5,4.5,20,NA,NA,"INSA"
2023-06-20,27,18,15,7,4,19,NA,NA,"Forsa"
2023-06-22,29,17,15,6,4,19,NA,NA,"Infratest"
2023-06-24,27,19,15,7,4,20,NA,NA,"Emnid"
2023-06-24,26,20,13,7,4,20,NA,NA,"INSA"
2023-06-26,26.5,19.5,13.5,6.5,4.5,20.5,NA,NA,"INSA"
2023-06-27,27,18,15,7,4,19,NA,NA,"Forsa"
2023-06-29,31,19,15,8,4,17,NA,NA,"Allensbach"
2023-06-30,28,18,16,6,5,19,NA,NA,"ForWahlen"
2023-07-01,26,18,15,7,5,19,NA,NA,"Emnid"
2023-07-01,26,19,14,7,5,20,NA,NA,"INSA"
2023-07-03,25.5,19,14.5,6.5,5,21,NA,NA,"INSA"
2023-07-04,27,18,15,6,5,19,NA,NA,"Forsa"
2023-07-06,28,18,14,7,4,20,NA,NA,"Infratest"
2023-07-07,27,18,14,6,6,21,1,NA,"Yougov"
2023-07-08,27,18,15,6,5,20,NA,NA,"Emnid"
2023-07-08,27,19,13,7,5,20,NA,NA,"INSA"
2023-07-10,26,19,14,7,5,20.5,NA,NA,"INSA"
2023-07-11,27,18,14,7,5,19,NA,NA,"Forsa"
2023-07-14,27,17,16,7,4,20,NA,NA,"ForWahlen"
2023-07-15,26,19,15,7,5,20,NA,NA,"Emnid"
2023-07-15,27,18,14,7,5,20,NA,NA,"INSA"
2023-07-17,27,18,14,7,5,20.5,NA,NA,"INSA"
2023-07-18,26,18,15,7,4,20,NA,NA,"Forsa"
2023-07-20,28,18,13,7,4,20,NA,NA,"Infratest"
2023-07-22,26,18,16,7,5,20,NA,NA,"Emnid"
2023-07-22,26,18,14,7,5,22,NA,NA,"INSA"
2023-07-25,27,18,14,6,5,19,NA,NA,"Forsa"
2023-07-25,26.5,18.5,14,7.5,4.5,21.5,NA,NA,"INSA"
2023-07-27,29,19,16,7,4,18,NA,NA,"Allensbach"
2023-07-29,27,18,16,6,5,20,NA,NA,"Emnid"
2023-07-29,26,18,14,7,5,22,NA,NA,"INSA"
2023-07-31,26.5,18.5,14,6.5,5,21.5,NA,NA,"INSA"
2023-08-01,25,17,15,6,5,21,NA,NA,"Forsa"
2023-08-03,27,17,15,7,4,21,NA,NA,"Infratest"
2023-08-04,27,17,14,5,6,23,1,NA,"Yougov"
2023-08-05,27,19,16,6,5,19,NA,NA,"Emnid"
2023-08-05,27,19,14,7,5,21,NA,NA,"INSA"
2023-08-07,27,19,14.5,7.5,4.5,20.5,NA,NA,"INSA"
2023-08-08,25,17,15,7,4,21,NA,NA,"Forsa"
2023-08-12,27,19,16,6,6,18,NA,NA,"Emnid"
2023-08-12,26,20,13,7,5,21,NA,NA,"INSA"
2023-08-14,26,19.5,13.5,7,4.5,21,NA,NA,"INSA"
2023-08-15,25,17,15,7,4,21,NA,NA,"Forsa"
2023-08-17,27,17,14,7,4,21,NA,NA,"Infratest"
2023-08-18,26,19,15,7,5,20,NA,NA,"ForWahlen"
2023-08-19,26,18,15,7,5,19,NA,NA,"Emnid"
2023-08-19,27,18,14,8,5,21,NA,NA,"INSA"
2023-08-21,26.5,18.5,14,8,5,20.5,NA,NA,"INSA"
2023-08-22,26,18,14,7,4,20,NA,NA,"Forsa"
2023-08-23,29,19,14,7,5,19,NA,NA,"Allensbach"
2023-08-26,26,18,14,7,5,20,NA,NA,"Emnid"
2023-08-26,27,18,14,7,5,21,NA,NA,"INSA"
2023-08-28,26.5,18,14.5,7,4.5,21,NA,NA,"INSA"
2023-08-29,26,17,14,7,4,21,NA,NA,"Forsa"
2023-08-31,29,16,14,6,4,22,NA,NA,"Infratest"
2023-09-02,25,18,15,7,5,20,NA,NA,"Emnid"
2023-09-02,27,18,13,7,5,21,NA,NA,"INSA"
2023-09-04,26.5,17.5,13.5,7.5,4.5,21.5,NA,NA,"INSA"
2023-09-05,27,16,14,7,4,21,NA,NA,"Forsa"
2023-09-08,29,16,14,5,5,23,1,NA,"Yougov"
2023-09-09,26,17,15,6,5,21,NA,NA,"Emnid"
2023-09-09,27,18,13,7,5,22,NA,NA,"INSA"
2023-09-11,26.5,18,14,7,4.5,22,NA,NA,"INSA"
2023-09-12,27,17,13,7,4,21,NA,NA,"Forsa"
2023-09-14,28,16,15,7,4,22,NA,NA,"Infratest"
2023-09-15,26,17,16,6,5,21,3,NA,"ForWahlen"
2023-09-16,26,16,15,7,5,22,NA,NA,"Emnid"
2023-09-16,27,17,15,6,5,21,3,NA,"INSA"
2023-09-19,27,17,14,6,4,22,NA,NA,"Forsa"
2023-09-19,26.5,17,14.5,6,5,21,3.5,NA,"INSA"
2023-09-21,30,18,14,7,5,19,NA,NA,"Allensbach"
2023-09-23,27,17,15,7,4,21,NA,NA,"Emnid"
2023-09-23,27,17,14,6,5,22,3,NA,"INSA"
2023-09-26,27,17,14,6,4,21,NA,NA,"Forsa"
2023-09-26,27,17.5,13.5,6.5,5,21.5,3,NA,"INSA"
2023-09-28,28,16,14,6,4,22,3,NA,"Infratest"
2023-09-30,27,16,15,7,5,21,NA,NA,"Emnid"
2023-09-30,26,18,14,7,5,22,3,NA,"INSA"
2023-10-02,28,18,14,5,4,20,NA,NA,"Forsa"
2023-10-02,26.5,18,13.5,7,5,22,2.5,NA,"INSA"
2023-10-07,26,16,16,7,5,21,NA,NA,"Emnid"
2023-10-07,27,17,14,6,5,22,3,NA,"INSA"
2023-10-10,28,18,14,6,4,20,NA,NA,"Forsa"
2023-10-10,27,17,13.5,6,5,22.5,3,NA,"INSA"
2023-10-12,29,15,13,5,4,23,4,NA,"Infratest"
2023-10-13,29,16,15,5,6,21,2,NA,"Yougov"
2023-10-14,27,16,15,6,5,22,3,NA,"Emnid"
2023-10-14,28,17,13,6,5,23,4,NA,"INSA"
2023-10-16,28,16.5,13,6,4.5,23,4,NA,"INSA"
2023-10-17,32,14,14,4,4,21,3,NA,"Forsa"
2023-10-20,30,15,14,5,5,21,3,NA,"ForWahlen"
2023-10-21,31,14,15,5,4,21,3,NA,"Emnid"
2023-10-21,29,16,13,5,5,22,4,NA,"INSA"
2023-10-24,31,14,14,5,4,21,3,NA,"Forsa"
2023-10-24,28.5,16.5,13,5.5,5,22,3.5,NA,"INSA"
2023-10-25,34,17,13,5,3,19,4,NA,"Allensbach"
2023-10-28,28,16,16,5,5,20,NA,NA,"Emnid"
2023-10-28,31,16,13,6,4,21,3,NA,"INSA"
2023-10-30,30.5,16.5,13,5.5,4,21,3.5,NA,"INSA"
2023-10-31,29,15,14,5,3,22,3,NA,"Forsa"
2023-11-02,30,16,14,4,5,22,3,NA,"Infratest"
2023-11-04,27,17,16,5,4,21,NA,NA,"Emnid"
2023-11-05,30,16,13,6,4,22,3,NA,"INSA"
2023-11-06,29.5,16.5,13.5,5.5,4.5,22,3,NA,"INSA"
2023-11-07,29,15,14,5,4,21,3,NA,"Forsa"
2023-11-09,30,15,15,5,4,21,3,NA,"Infratest"
2023-11-10,30,16,15,5,4,21,3,NA,"ForWahlen"
2023-11-10,29,15,15,5,5,22,2,NA,"Yougov"
2023-11-11,28,16,16,6,4,20,3,NA,"Emnid"
2023-11-11,30,17,14,5,4,21,3,NA,"INSA"
2023-11-13,30.5,16.5,13.5,5,4.5,21.5,3,NA,"INSA"
2023-11-14,30,14,14,5,4,21,3,NA,"Forsa"
2023-11-18,28,16,16,6,4,20,NA,NA,"Emnid"
2023-11-18,30,16,13,6,4,21,3,NA,"INSA"
2023-11-21,30,15,14,5,3,21,3,NA,"Forsa"
2023-11-21,30,16.5,13,5.5,4.5,21,3,NA,"INSA"
2023-11-23,32,17,13.5,6,3.5,19,4,NA,"Allensbach"
2023-11-24,31,15,15,5,4,22,NA,NA,"ForWahlen"
2023-11-25,29,16,17,5,4,20,NA,NA,"Emnid"
2023-11-25,30,16,12,6,4,22,3,NA,"INSA"
2023-11-27,30.5,15.5,12.5,6,4,22,3,NA,"INSA"
2023-11-28,30,14,15,5,4,21,NA,NA,"Forsa"
2023-12-02,29,17,16,5,4,19,NA,NA,"Emnid"
2023-12-02,30,16,13,6,3,22,3,NA,"INSA"
2023-12-05,30,14,14,5,4,22,NA,NA,"Forsa"
2023-12-05,29.5,15.5,13,6,3.5,22.5,3,NA,"INSA"
2023-12-07,32,14,15,4,3,21,3,NA,"Infratest"
2023-12-08,30,14,14,6,4,23,2,NA,"Yougov"
2023-12-09,30,14,17,4,4,20,NA,NA,"Emnid"
2023-12-09,30,16,12,6,4,22,3,NA,"INSA"
2023-12-12,31,14,13,5,4,22,NA,NA,"Forsa"
2023-12-12,30,16,12.5,6,4,22.5,3,NA,"INSA"
2023-12-15,32,14,14,5,4,22,3,NA,"ForWahlen"
2023-12-16,30,15,16,5,4,20,NA,NA,"Emnid"
2023-12-16,32,15,12,5,4,23,2,NA,"INSA"
2023-12-18,31.5,15.5,12.5,5,4,23,2.5,NA,"INSA"
2023-12-19,31,14,13,5,3,23,NA,NA,"Forsa"
2023-12-21,34,17,15,5,3.5,18,3,NA,"Allensbach"
2023-12-21,32,14,14,5,3,21,4,NA,"Infratest"
2023-12-23,31,15,15,4,4,21,NA,NA,"Emnid"
2023-12-23,32,15,12,5,4,22,3,NA,"INSA"
2023-12-28,32,15,12,5,4,23,3,NA,"INSA"
2023-12-31,32,15,12,5,4,23,3,NA,"INSA"
2024-01-03,32,15,13,5,4,22.5,3,NA,"INSA"
2024-01-04,31,14,13,5,4,22,3,NA,"Infratest"
2024-01-06,31,16,12,5,4,23,3,NA,"INSA"
2024-01-09,30,15,14,4,4,22,3,NA,"Forsa"
2024-01-09,32,16,12,5,4,23,3,NA,"INSA"
2024-01-11,29,15,12,6,5,24,2,NA,"Yougov"
2024-01-12,31,13,14,4,4,22,4,4,"ForWahlen"
2024-01-13,30,15,12,5,4,22,3,NA,"INSA"
2024-01-15,31,14,12,5,4,23,3,NA,"INSA"
2024-01-16,31,13,14,4,4,22,3,NA,"Forsa"
2024-01-20,31,14,16,4,4,22,3,NA,"Emnid"
2024-01-20,30,13,13,5,3,22,3,7,"INSA"
2024-01-22,30.5,13.5,12.5,5,3,21.5,2.5,NA,"INSA"
2024-01-23,31,14,14,4,4,20,3,3,"Forsa"
2024-01-25,34,15,13.5,6,4,19.5,3,NA,"Allensbach"
2024-01-27,29,16,16,4,4,19,NA,3,"Emnid"
2024-01-27,31,14,13,4,4,21,2,7,"INSA"
2024-01-29,30,14.5,12.5,5,3.5,21,2.5,7,"INSA"
2024-01-30,32,15,14,3,3,19,3,3,"Forsa"
2024-02-01,30,16,14,4,3,19,NA,5,"Infratest"
2024-02-02,31,15,13,4,3,19,3,6,"ForWahlen"
2024-02-03,30,15,13,4,4,20,3,7,"INSA"
2024-02-05,30,15,12.5,4.5,3.5,20.5,3,7.5,"INSA"
2024-02-06,31,15,14,4,3,18,3,5,"Forsa"
2024-02-08,31,14,12,4,3,20,1,7,"Yougov"
2024-02-10,30,15,13,4,3,20,3,7,"INSA"
2024-02-12,30,15,12.5,3.5,3.5,20.5,3,7.5,"INSA"
2024-02-13,31,15,14,4,3,18,NA,5,"Forsa"
2024-02-17,31,14,13,4,3,19,3,8,"INSA"
2024-02-19,30.5,14.5,12.5,4.5,3.5,19.5,3,7.5,"INSA"
2024-02-20,30,15,14,5,3,17,3,4,"Forsa"
2024-02-22,32,15,14,6,3,18,NA,7,"Allensbach"
2024-02-23,30,15,14,4,4,19,NA,5,"ForWahlen"
2024-02-24,29,16,15,4,3,19,NA,5,"Emnid"
2024-02-24,30,15,13,5,3,19,3,8,"INSA"
2024-02-27,30,14,15,5,3,17,3,4,"Forsa"
2024-02-27,30.5,15.5,13,4.5,3,19,3,7.5,"INSA"
2024-03-02,30,16,15,5,3,18,NA,4,"Emnid"
2024-03-02,30,15,13,5,3,19,3,7,"INSA"
2024-03-04,30.5,14.5,13,5.5,3,19.5,2.5,6.5,"INSA"
2024-03-05,31,15,14,5,3,17,3,4,"Forsa"
2024-03-07,29,16,14,5,3,19,NA,6,"Infratest"
2024-03-07,29,15,14,4,4,19,1,7,"Yougov"
2024-03-08,30,15,15,4,3,18,3,5,"ForWahlen"
2024-03-09,31,15,12,5,3,19,2,7,"INSA"
2024-03-11,31,14.5,12.5,5.5,3.5,18.5,2.5,6.5,"INSA"
2024-03-12,30,15,14,5,3,17,3,5,"Forsa"
2024-03-16,30,15,12,5,3,19,2,6,"INSA"
2024-03-18,29.5,16,12,5,3.5,19.5,2.5,6.5,"INSA"
2024-03-19,31,16,13,4,3,17,3,5,"Forsa"
2024-03-21,34,15,14,5,3,16,NA,7,"Allensbach"
2024-03-22,29,17,15,5,3,18,NA,5,"Emnid"
2024-03-22,31,16,13,4,3,18,NA,6,"ForWahlen"
2024-03-24,30,16,13,5,3,19,2,6,"INSA"
2024-03-25,30,15.5,12.5,5,3.5,19.5,2.5,6.5,"INSA"
2024-03-26,31,16,13,4,3,17,3,5,"Forsa"
2024-03-30,30,15,13,5,3,20,2,6,"INSA"
2024-04-02,31,16,13,4,NA,17,NA,5,"Forsa"
2024-04-02,30,15,12.5,5,3.5,19.5,2.5,6.5,"INSA"
2024-04-04,30,15,15,4,3,18,3,5,"Infratest"
2024-04-06,31,15,13,5,3,19,2,6,"INSA"
2024-04-09,30,16,13,5,NA,17,NA,5,"Forsa"
2024-04-09,30.5,15,13,5,3.5,18.5,2.5,6.5,"INSA"
2024-04-11,29,14,15,5,4,19,1,7,"Yougov"
2024-04-12,31,16,12,4,3,18,NA,6,"ForWahlen"
2024-04-13,30,16,13,5,3,18,2,6,"INSA"
2024-04-15,29.5,16,13,6,3,18.5,2.5,6.5,"INSA"
2024-04-16,31,16,12,5,NA,17,NA,5,"Forsa"
2024-04-19,30,16,14,5,3,18,3,5,"Emnid"
2024-04-20,30,15,13,5,4,18,2,7,"INSA"
2024-04-22,30.5,15,12.5,5,4,18.5,2.5,7,"INSA"
2024-04-23,31,16,12,5,NA,16,NA,5,"Forsa"
2024-04-26,32.5,16,15,6,3,16,NA,7,"Allensbach"
2024-04-26,30,15,15,4,4,17,NA,5,"ForWahlen"
2024-04-27,29,16,13,5,4,18,2,7,"INSA"
2024-04-30,30,17,12,5,3,16,NA,4,"Forsa"
2024-04-30,29.5,16.5,12.5,5,3.5,18.5,2.5,7,"INSA"
2024-05-02,31,15,15,5,NA,18,NA,5,"Infratest"
2024-05-04,30,15,12,5,4,18,2,7,"INSA"
2024-05-06,30.5,15.5,12,5,3.5,18,2.5,7.5,"INSA"
2024-05-07,31,16,12,6,3,15,NA,4,"Forsa"
2024-05-10,30,16,14,4,4,19,1,7,"Yougov"
2024-05-11,30,15,13,5,4,17,2,7,"INSA"
2024-05-14,32,16,13,5,3,15,NA,5,"Forsa"
2024-05-14,30.5,15.5,13,5,3.5,17,2.5,7,"INSA"
2024-05-17,30,16,14,5,4,16,3,5,"Emnid"
2024-05-17,31,15,13,5,4,16,NA,5,"ForWahlen"
2024-05-18,30,16,12,5,3,17,3,7,"INSA"
2024-05-21,32,16,14,5,NA,15,NA,5,"Forsa"
2024-05-21,30,16,12.5,5,3,17,3,7,"INSA"
2024-05-24,32.5,17.5,13,6,3,14,NA,8,"Allensbach"
2024-05-25,30,15,13,5,3,17,3,7,"INSA"
2024-05-28,30,16,13,6,NA,15,NA,6,"Forsa"
2024-05-28,30.5,15,12,5,3,17,2.5,7,"INSA"
2024-05-30,31,15,14,4,3,18,3,5,"Infratest"
2024-06-01,31,16,12,5,3,16,3,7,"INSA"
2024-06-04,30,17,13,6,NA,15,NA,6,"Forsa"
2024-06-04,30.5,16,12,5,3.5,15.5,2.5,7.5,"INSA"
2024-06-07,29,14,12,4,4,18,2,9,"Yougov"
2024-06-08,30,16,12,5,3,16,3,8,"INSA"
2024-06-11,30,16,13,6,NA,16,NA,6,"Forsa"
2024-06-11,30,15.5,12,5,3,16,2.5,7.5,"INSA"
2024-06-12,30,16,13,5,3,17,3,6,"Emnid"
2024-06-13,30,14,14,5,NA,16,NA,7,"ForWahlen"
2024-06-15,31,16,11,5,3,17,2,7,"INSA"
2024-06-17,31,15,11,5,3,17,2,8,"INSA"
2024-06-18,30,15,12,5,NA,16,3,7,"Forsa"
2024-06-20,32,16,13,6,3,15,NA,7,"Allensbach"
2024-06-23,30,15,12,5,3,17,2,8,"INSA"
2024-06-25,31,15,11,5,NA,16,3,7,"Forsa"
2024-06-25,30.5,14.5,11.5,5,3,17.5,2,8.5,"INSA"
2024-06-28,31,14,13,4,3,17,NA,7,"ForWahlen"
2024-06-29,30,15,12,6,2,17,2,9,"INSA"
2024-07-01,29.5,15,12,5.5,2.5,17.5,2,8.5,"INSA"
2024-07-02,31,15,11,6,NA,16,NA,7,"Forsa"
2024-07-04,31,14,13,5,3,17,NA,8,"Infratest"
2024-07-05,30,15,11,5,2,18,NA,9,"INSA"
2024-07-05,30,14,12,6,3,19,2,9,"Yougov"
2024-07-08,30.5,15,11,5.5,3,17.5,1.5,8.5,"INSA"
2024-07-09,30,14,11,5,NA,17,NA,8,"Forsa"
2024-07-12,31,15,13,5,3,16,NA,7,"Emnid"
2024-07-12,32,14,13,4,3,17,NA,7,"ForWahlen"
2024-07-13,30,15,12,5,2,18,NA,9,"INSA"
2024-07-16,32,14,11,5,3,16,NA,7,"Forsa"
2024-07-16,31,15,11.5,5,3,18,NA,8.5,"INSA"
2024-07-20,30,15,11,5,3,17,NA,9,"INSA"
2024-07-22,31,15,10.5,5,3.5,17,NA,9,"INSA"
2024-07-23,31,14,11,5,4,17,NA,7,"Forsa"
2024-07-25,32,16.5,11.5,6,NA,17,NA,8,"Allensbach"
2024-07-27,30,15,11,5,3,18,NA,10,"INSA"
2024-07-29,30,15,10,5,3.5,18,NA,9.5,"INSA"
2024-07-30,30,15,11,4,3,17,NA,7,"Forsa"
2024-08-03,31,15,10,5,3,18,NA,9,"INSA"
2024-08-06,30,15,11,5,3,17,3,7,"Forsa"
2024-08-06,30.5,15,10.5,5,3,17,NA,9.5,"INSA"
2024-08-08,32,15,12,5,NA,16,NA,9,"Infratest"
2024-08-09,31,16,13,5,3,16,NA,7,"Emnid"
2024-08-10,31,16,10,5,3,18,NA,9,"INSA"
2024-08-13,30,15,11,5,3,17,NA,7,"Forsa"
2024-08-13,30.5,15,10.5,5,3,18,NA,9.5,"INSA"
2024-08-15,32,14,13,4,3,16,NA,8,"ForWahlen"
2024-08-16,31,15,12,5,3,19,1,8,"Yougov"
2024-08-17,30,16,11,5,3,19,NA,9,"INSA"
2024-08-20,31,15,11,5,3,17,NA,7,"Forsa"
2024-08-20,30.5,15.5,10.5,5,3,19,NA,9.5,"INSA"
2024-08-22,34,16,11.5,5,3,16,NA,7,"Allensbach"
2024-08-24,31,16,11,5,3,18,NA,9,"INSA"
2024-08-26,31.5,15,11.5,5.5,3,18.5,NA,9,"INSA"
2024-08-27,31,15,11,5,3,17,NA,7,"Forsa"
2024-08-31,31,16,11,4,3,19,NA,9,"INSA"
2024-09-02,31.5,15,10.5,4.5,2.5,19,NA,9.5,"INSA"
2024-09-03,32,14,11,5,3,17,NA,7,"Forsa"
2024-09-05,33,15,11,4,3,17,NA,8,"Infratest"
2024-09-06,31,15,12,4,3,17,NA,8,"Emnid"
2024-09-06,33,15,11,4,4,17,NA,7,"ForWahlen"
2024-09-07,31,15,10,4,3,19,NA,10,"INSA"
2024-09-10,33,14,11,3,3,17,NA,7,"Forsa"
2024-09-10,32.5,14,10,4,2.5,19.5,NA,10,"INSA"
2024-09-13,32,14,13,4,4,18,1,8,"Yougov"
2024-09-14,33,14,10,4,3,19,NA,10,"INSA"
2024-09-16,33,14,10,4.5,2.5,19.5,NA,10,"INSA"
2024-09-17,31,15,11,4,3,17,NA,6,"Forsa"
2024-09-19,35.5,16,10,4,NA,17,NA,9,"Allensbach"
2024-09-21,32,15,10,4,2,20,NA,10,"INSA"
2024-09-23,32,15.5,9.5,3.5,2.5,20,NA,10,"INSA"
2024-09-24,32,15,11,4,NA,17,NA,7,"Forsa"
2024-09-27,31,16,12,4,4,17,NA,8,"ForWahlen"
2024-09-28,32,15,11,4,3,19,NA,10,"INSA"
2024-09-30,31.5,15,11,4,2.5,19,NA,9.5,"INSA"
2024-10-01,31,17,10,4,3,17,NA,6,"Forsa"
2024-10-04,31,16,11,4,3,17,3,7,"Emnid"
2024-10-05,31,16,11,4,3,20,NA,8,"INSA"
2024-10-07,31.5,16,10.5,4,2.5,20,NA,8,"INSA"
2024-10-08,31,17,11,3,3,17,NA,6,"Forsa"
2024-10-10,31,16,13,3,3,17,3,8,"Infratest"
2024-10-10,32,16,11,5,3,18,1,8,"Yougov"
2024-10-12,31,16,11,4,3,19,NA,9,"INSA"
2024-10-14,31.5,16,10,4,3.5,18.5,NA,9,"INSA"
2024-10-15,31,16,10,4,3,17,NA,7,"Forsa"
2024-10-18,36,15,10.5,4.5,NA,16,NA,9,"Allensbach"
2024-10-18,31,16,11,3,4,18,NA,8,"ForWahlen"
2024-10-19,31,16,10,4,3,19,NA,9,"INSA"
2024-10-21,30.5,16.5,10,4,2.5,19,NA,9,"INSA"
2024-10-22,31,16,11,3,3,17,NA,7,"Forsa"
2024-10-26,30,15,11,4,3,19,NA,9,"INSA"
2024-10-28,31,15,11,4,2.5,19,NA,9,"INSA"
2024-10-29,32,16,9,4,3,17,NA,7,"Forsa"
2024-10-31,34,16,11,4,NA,17,NA,6,"Infratest"
2024-11-01,32,16,11,3,3,17,NA,8,"Emnid"
2024-11-02,32,16,10,4,4,18,NA,8,"INSA"
2024-11-05,33,16,10,3,3,16,NA,6,"Forsa"
2024-11-05,32,15.5,10.5,4.5,3.5,18,NA,8,"INSA"
2024-11-07,32,17,11,3,3,17,NA,6,"Forsa"
2024-11-07,34,16,12,5,NA,18,NA,6,"Infratest"
2024-11-08,33,16,12,3,4,18,NA,6,"ForWahlen"
2024-11-09,32,15,10,4,4,19,NA,7,"INSA"
2024-11-11,32.5,15.5,11.5,5,3.5,19.5,NA,7,"INSA"
2024-11-12,33,16,11,4,3,17,NA,5,"Forsa"
2024-11-14,33,15,12,5,3,19,1,7,"Yougov"
2024-11-16,32,16,10,4,4,19,NA,8,"INSA"
2024-11-18,32,16,11,4.5,3.5,19,NA,7.5,"INSA"
2024-11-19,33,15,11,4,4,18,NA,4,"Forsa"
2024-11-21,33,14,14,4,3,19,NA,6,"Infratest"
2024-11-22,37,15,10,4,NA,17,NA,7.5,"Allensbach"
2024-11-22,32,16,12,3,4,18,NA,5,"ForWahlen"
2024-11-23,32,14,11,5,4,19,NA,7,"INSA"
2024-11-25,32.5,15,11,4.5,3.5,19.5,NA,7.5,"INSA"
2024-11-26,32,15,12,4,4,18,NA,4,"Forsa"
2024-11-29,32,15,13,4,3,18,NA,6,"Emnid"
2024-11-30,32,15,13,5,3,18,NA,8,"INSA"
2024-12-02,31.5,16,13,4.5,3.5,18.5,NA,7.5,"INSA"
2024-12-03,32,16,12,3,4,18,NA,4,"Forsa"
2024-12-05,32,16,14,4,3,18,NA,5,"Infratest"
2024-12-05,30,18,13,4,3,19,1,7,"Yougov"
2024-12-06,33,15,14,4,3,17,NA,5,"ForWahlen"
2024-12-07,32,16,12,4,4,19,NA,8,"INSA"
2024-12-09,31.5,17,11.5,4.5,3,19.5,NA,8,"INSA"
2024-12-10,31,17,13,4,3,18,NA,4,"Forsa"
2024-12-14,31,17,11,5,3,20,NA,8,"INSA"
2024-12-16,31.5,16.5,11.5,5,2.5,19.5,NA,8,"INSA"
2024-12-17,30,17,13,4,3,19,NA,4,"Forsa"
2024-12-19,33,14,14,3,3,19,NA,5,"Infratest"
2024-12-20,36,16,12,4,NA,18,NA,6,"Allensbach"
2024-12-20,31,17,14,4,3,18,NA,5,"Emnid"
2024-12-20,31,15,14,3,4,19,NA,5,"ForWahlen"
2024-12-21,32,16,12,5,3,20,NA,8,"INSA"
2024-12-23,31,16,13,3,4,19,NA,4,"Forsa"
2024-12-23,31,16,12.5,5,3,19.5,NA,8,"INSA"
2024-12-28,31,17,12,4,3,20,NA,7,"INSA"
2024-12-30,31,16.5,12,3.5,4,20.5,NA,7,"INSA"
2025-01-04,31,16,13,4,3,20,NA,7,"INSA"
2025-01-06,31,15.5,13.5,4,3,21.5,NA,6.5,"INSA"
2025-01-07,32,17,12,3,3,19,NA,4,"Forsa"
2025-01-08,29,16,14,5,3,21,NA,6,"Yougov"
2025-01-09,31,15,14,4,4,20,NA,5,"Infratest"
2025-01-10,30,14,15,4,4,21,NA,4,"ForWahlen"
2025-01-11,30,16,13,4,3,22,NA,6,"INSA"
2025-01-13,31,15,13,4,3.5,22,NA,6.5,"INSA"
2025-01-14,31,16,13,4,3,20,NA,4,"Forsa"
2025-01-15,30,18,14,4,4,21,NA,6,"Yougov"
2025-01-18,29,16,13,5,4,21,NA,7,"INSA"
2025-01-20,29,16,13,5,4,21.5,NA,7,"INSA"
2025-01-21,31,16,13,4,3,19,NA,4,"Forsa"
2025-01-22,28,19,15,4,4,19,NA,6,"Yougov"
2025-01-23,34,17,13.5,4,NA,20,NA,5,"Allensbach"
2025-01-24,30,15,14,4,5,21,NA,3,"ForWahlen"
2025-01-25,30,16,12,4,4,21,NA,7,"INSA"
2025-01-27,30,15.5,12.5,4.5,4.5,22,NA,6,"INSA"
2025-01-28,30,16,14,4,4,20,NA,3,"Forsa"
2025-01-29,29,15,13,3,5,23,NA,6,"Yougov"
2025-01-30,29,15,14,4,5,21,NA,4,"ForWahlen"
2025-01-30,30,15,15,4,5,20,NA,4,"Infratest"
2025-01-30,29,17,13,4,4,22,NA,6,"INSA"
2025-01-31,30,15,14,4,4,20,NA,5,"Emnid"
2025-02-01,30,17,12,4,4,22,NA,6,"INSA"
2025-02-03,30,16,13,4.5,5,22,NA,5.5,"INSA"
2025-02-04,28,16,15,4,5,20,NA,4,"Forsa"
2025-02-05,29,18,12,4,6,22,NA,6,"Yougov"
2025-02-06,31,15,14,4,5,21,NA,4,"Infratest"
2025-02-07,30,15,15,4,6,20,NA,4,"ForWahlen"
2025-02-08,29,16,12,4,5,21,NA,6,"INSA"
2025-02-10,30,15.5,13,4,6,22,NA,5.5,"INSA"
2025-02-11,29,16,14,4,6,20,NA,4,"Forsa"
2025-02-12,29,16,12,4,6,21,NA,5,"Yougov"
2025-02-13,32,15,13,5,6,20,NA,4,"Allensbach"
2025-02-13,32,14,14,4,6,21,NA,4.5,"Infratest"
2025-02-14,30,16,14,4,7,20,NA,4,"ForWahlen"
2025-02-15,30,15,13,4,6,21,NA,5,"INSA"
2025-02-16,30,16,13,5,7,20,NA,4,"Forsa"
2025-02-17,30,15,13,4.5,6.5,22,NA,5,"INSA"
2025-02-17,27,17,12,4,9,20,NA,5,"Yougov"
2025-02-18,30,16,13,5,7,20,NA,4,"Forsa"
2025-02-20,28,16,14,4.5,8,21,NA,4.5,"ForWahlen"
2025-02-20,30,15,13,4,7,21,NA,5,"INSA"
2025-02-21,32,14.5,12,4.5,7.5,20,NA,4.5,"Allensbach"
2025-02-21,29,15,13,5,8,21,NA,3,"Forsa"
2025-02-21,29,16,13,4,8,20,NA,5,"Yougov"
2025-02-22,29.5,15,12.5,4.5,7.5,21,NA,5,"INSA"
2025-02-23,28.5,16.4,11.6,4.3,8.8,20.8,1.5,4.97,"Allensbach"
2025-02-23,28.5,16.4,11.6,4.3,8.8,20.8,1.5,4.97,"Emnid"
2025-02-23,28.5,16.4,11.6,4.3,8.8,20.8,1.5,4.97,"Forsa"
2025-02-23,28.5,16.4,11.6,4.3,8.8,20.8,1.5,4.97,"ForWahlen"
2025-02-23,28.5,16.4,11.6,4.3,8.8,20.8,1.5,4.97,"Infratest"
2025-02-23,28.5,16.4,11.6,4.3,8.8,20.8,1.5,4.97,"INSA"
2025-02-23,28.5,16.4,11.6,4.3,8.8,20.8,1.5,4.97,"Yougov"
